Workbook

Sheet Danh sách vận đơn
A1: DANH SÁCH VẬN ĐƠN VÀ TÍNH CƯỚC TỰ ĐỘNG
A2: FastMove Logistics | Cập nhật: 20/05/2024
A4: STT | B4: Mã vận đơn | C4: Khu vực | D4: Trọng lượng (kg) | E4: Cước phí (VNĐ) | F4: Trạng thái
A5: 1 | B5: FM-202401 | C5: Miền Bắc | D5: 1.7 | E5: =IFERROR(VLOOKUP(C5, BangGia!$A$2:$C$4, 2, FALSE) * D5, 25000) | F5: Đang giao
A6: 2 | B6: FM-202402 | C6: Miền Trung | D6: 1 | E6: =IFERROR(VLOOKUP(C6, BangGia!$A$2:$C$4, 2, FALSE) * D6, 25000) | F6: Đã giao
A7: 3 | B7: FM-202403 | C7: Miền Trung | D7: 2.9 | E7: =IFERROR(VLOOKUP(C7, BangGia!$A$2:$C$4, 2, FALSE) * D7, 25000) | F7: Đang giao
A8: 4 | B8: FM-202404 | C8: Miền Trung | D8: 4.3 | E8: =IFERROR(VLOOKUP(C8, BangGia!$A$2:$C$4, 2, FALSE) * D8, 25000) | F8: Đã giao
A9: 5 | B9: FM-202405 | C9: Miền Bắc | D9: 2 | E9: =IFERROR(VLOOKUP(C9, BangGia!$A$2:$C$4, 2, FALSE) * D9, 25000) | F9: Đang giao
A10: 6 | B10: FM-202406 | C10: Miền Nam | D10: 1.6 | E10: =IFERROR(VLOOKUP(C10, BangGia!$A$2:$C$4, 2, FALSE) * D10, 25000) | F10: Đã giao
A11: 7 | B11: FM-202407 | C11: Miền Trung | D11: 4 | E11: =IFERROR(VLOOKUP(C11, BangGia!$A$2:$C$4, 2, FALSE) * D11, 25000) | F11: Hoàn trả
A12: 8 | B12: FM-202408 | C12: Miền Trung | D12: 0.8 | E12: =IFERROR(VLOOKUP(C12, BangGia!$A$2:$C$4, 2, FALSE) * D12, 25000) | F12: Đang giao
A13: 9 | B13: FM-202409 | C13: Miền Nam | D13: 2.5 | E13: =IFERROR(VLOOKUP(C13, BangGia!$A$2:$C$4, 2, FALSE) * D13, 25000) | F13: Đã giao
A14: 10 | B14: FM-202410 | C14: Miền Bắc | D14: 3.5 | E14: =IFERROR(VLOOKUP(C14, BangGia!$A$2:$C$4, 2, FALSE) * D14, 25000) | F14: Đã giao
A15: 11 | B15: FM-202411 | C15: Miền Bắc | D15: 1.8 | E15: =IFERROR(VLOOKUP(C15, BangGia!$A$2:$C$4, 2, FALSE) * D15, 25000) | F15: Đang giao
A16: 12 | B16: FM-202412 | C16: Miền Nam | D16: 2.6 | E16: =IFERROR(VLOOKUP(C16, BangGia!$A$2:$C$4, 2, FALSE) * D16, 25000) | F16: Đang giao
... A104: 100 | B104: FM-202500 | C104: Miền Bắc | D104: 3.2 | E104: =IFERROR(VLOOKUP(C104, BangGia!$A$2:$C$4, 2, FALSE) * D104, 25000) | F104: Đã giao

Sheet BangGia
A1: BẢNG ĐƠN GIÁ CƯỚC THEO KHU VỰC
A3: Khu vực | B3: Đơn giá cước/kg (VNĐ) | C3: Ghi chú
A4: Miền Bắc | B4: 15000 | C4: Trọng điểm phía Bắc
A5: Miền Trung | B5: 18000 | C5: Vận chuyển liên tỉnh miền Trung
A6: Miền Nam | B6: 20000 | C6: Hub trung tâm phía Nam
