Workbook

Sheet GiaCuoc
A1: Mã vận đơn | B1: Khu vực | C1: Trọng lượng (kg) | D1: Giá cước (VND)
A2: FM0001 | B2: Ngoại thành | C2: 1 | D2: 29000
A3: FM0002 | B3: Liên tỉnh | C3: 1.5 | D3: 41000
A4: FM0003 | B4: Miền Trung | C4: 2 | D4: 56000
A5: FM0004 | B5: Nội thành | C5: 2.5 | D5: 25500
A6: FM0005 | B6: Ngoại thành | C6: 3 | D6: 37000
A7: FM0006 | B7: Liên tỉnh | C7: 3.5 | D7: 53000
A8: FM0007 | B8: Miền Trung | C8: 4 | D8: 72000
A9: FM0008 | B9: Nội thành | C9: 4.5 | D9: 31500
A10: FM0009 | B10: Ngoại thành | C10: 5 | D10: 45000
A11: FM0010 | B11: Liên tỉnh | C11: 0.5 | D11: 35000
A12: FM0011 | B12: Miền Trung | C12: 1 | D12: 48000
A13: FM0012 | B13: Nội thành | C13: 1.5 | D13: 22500
... A501: FM0500 | B501: Nội thành | C501: 0.5 | D501: 19500

Sheet DonHang
A1: Mã vận đơn | B1: Người nhận | C1: Trạng thái | D1: Giá cước (VND)
A2: FM0001 | B2: Lê Hoàng Cường | C2: Đã giao | D2: =IFERROR(VLOOKUP(TRIM(CLEAN(A2)),GiaCuoc!$A$2:$D$501,4,FALSE()),"Kiểm tra mã vận đơn") -> 29000
A3: FM0002 | B3: Phạm Minh Dũng | C3: Chờ lấy hàng | D3: =IFERROR(VLOOKUP(TRIM(CLEAN(A3)),GiaCuoc!$A$2:$D$501,4,FALSE()),"Kiểm tra mã vận đơn") -> 41000
A4: FM0003 | B4: Võ Thu Hà | C4: Đang giao | D4: =IFERROR(VLOOKUP(TRIM(CLEAN(A4)),GiaCuoc!$A$2:$D$501,4,FALSE()),"Kiểm tra mã vận đơn") -> 56000
A5: FM0004 | B5: Nguyễn Văn An | C5: Đã giao | D5: =IFERROR(VLOOKUP(TRIM(CLEAN(A5)),GiaCuoc!$A$2:$D$501,4,FALSE()),"Kiểm tra mã vận đơn") -> 25500
A6: FM0005 | B6: Trần Thị Bình | C6: Chờ lấy hàng | D6: =IFERROR(VLOOKUP(TRIM(CLEAN(A6)),GiaCuoc!$A$2:$D$501,4,FALSE()),"Kiểm tra mã vận đơn") -> 37000
A7: FM0006 | B7: Lê Hoàng Cường | C7: Đang giao | D7: =IFERROR(VLOOKUP(TRIM(CLEAN(A7)),GiaCuoc!$A$2:$D$501,4,FALSE()),"Kiểm tra mã vận đơn") -> 53000
A8: FM0007 | B8: Phạm Minh Dũng | C8: Đã giao | D8: =IFERROR(VLOOKUP(TRIM(CLEAN(A8)),GiaCuoc!$A$2:$D$501,4,FALSE()),"Kiểm tra mã vận đơn") -> 72000
A9: FM0008 | B9: Võ Thu Hà | C9: Chờ lấy hàng | D9: =IFERROR(VLOOKUP(TRIM(CLEAN(A9)),GiaCuoc!$A$2:$D$501,4,FALSE()),"Kiểm tra mã vận đơn") -> 31500
A10: FM0009 | B10: Nguyễn Văn An | C10: Đang giao | D10: =IFERROR(VLOOKUP(TRIM(CLEAN(A10)),GiaCuoc!$A$2:$D$501,4,FALSE()),"Kiểm tra mã vận đơn") -> 45000
A11: FM0010 | B11: Trần Thị Bình | C11: Đã giao | D11: =IFERROR(VLOOKUP(TRIM(CLEAN(A11)),GiaCuoc!$A$2:$D$501,4,FALSE()),"Kiểm tra mã vận đơn") -> 35000
A12: FM0011 | B12: Lê Hoàng Cường | C12: Chờ lấy hàng | D12: =IFERROR(VLOOKUP(TRIM(CLEAN(A12)),GiaCuoc!$A$2:$D$501,4,FALSE()),"Kiểm tra mã vận đơn") -> 48000
A13: FM0012 | B13: Phạm Minh Dũng | C13: Đang giao | D13: =IFERROR(VLOOKUP(TRIM(CLEAN(A13)),GiaCuoc!$A$2:$D$501,4,FALSE()),"Kiểm tra mã vận đơn") -> 22500
... A501: FM0500 | B501: Trần Thị Bình | C501: Chờ lấy hàng | D501: =IFERROR(VLOOKUP(TRIM(CLEAN(A501)),GiaCuoc!$A$2:$D$501,4,FALSE()),"Kiểm tra mã vận đơn") -> 19500

Sheet KiemThu
A1: Mã nhập | B1: Tình huống | C1: Kết quả mong đợi | D1: Kết quả thực tế
A2: FM0001 | B2: Mã đúng, có trong bảng | C2: Hiện giá cước | D2: =IFERROR(VLOOKUP(TRIM(CLEAN(A2)),GiaCuoc!$A$2:$D$501,4,FALSE()),"Kiểm tra mã vận đơn") -> 29000
A3: FM0001 | B3: Thừa khoảng trắng cuối | C3: Hiện giá cước, nhờ TRIM | D3: =IFERROR(VLOOKUP(TRIM(CLEAN(A3)),GiaCuoc!$A$2:$D$501,4,FALSE()),"Kiểm tra mã vận đơn") -> 29000
A4: FM#0001 | B4: Có ký tự lạ | C4: Kiểm tra mã vận đơn | D4: =IFERROR(VLOOKUP(TRIM(CLEAN(A4)),GiaCuoc!$A$2:$D$501,4,FALSE()),"Kiểm tra mã vận đơn") -> Kiểm tra mã vận đơn
A5: FM9999 | B5: Mã không tồn tại | C5: Kiểm tra mã vận đơn | D5: =IFERROR(VLOOKUP(TRIM(CLEAN(A5)),GiaCuoc!$A$2:$D$501,4,FALSE()),"Kiểm tra mã vận đơn") -> Kiểm tra mã vận đơn

Sheet KPI
A1: Bưu cục | B1: Giao đúng hạn (%)
A2: Quận 1 | B2: 0.94
A3: Quận 3 | B3: 0.92
A4: Quận 7 | B4: 0.78
A5: Bình Thạnh | B5: 0.91
A6: Thủ Đức | B6: 0.89
A7: Gò Vấp | B7: 0.93
A9: Số liệu mẫu để minh họa, thay bằng số thực tế của FastMove (ô chữ xanh).

Sheet GhiChu
A1: Dữ liệu GiaCuoc, DonHang và KPI là số liệu mẫu do người soạn tạo để minh họa.
A2: DonHang dòng 11, 21, 31 cố tình có lỗi mã (thừa khoảng trắng, ký tự #, mã không tồn tại) để kiểm thử.
A3: Không gộp ô ở bất kỳ sheet nào. Mỗi cột một loại dữ liệu, một dòng tiêu đề.
